{"stats":{"minecraft:picked_up":{"minecraft:crafting_table":7,"minecraft:wheat":4,"create:dolomite_cobblestone":4,"minecraft:chicken":2,"minecraft:anvil":2,"minecraft:rabbit_stew":2,"minecraft:smithing_table":1,"fallout_inspired_power_armor:locker":1,"minecraft:wooden_pickaxe":4,"fallout_inspired_power_armor:warped_t_45_boots":1,"minecraft:gold_block":1,"minecraft:enchanted_book":3,"minecraft:diamond_horse_armor":3,"fallout_inspired_power_armor:armored_door_closed":2,"alexsmobs:gazelle_horn":1,"minecraft:string":92,"minecraft:wooden_sword":1,"fallout_inspired_power_armor:steel":5,"minecraft:sticky_piston":16,"minecraft:oak_sign":1,"minecraft:beetroot":5,"minecraft:smooth_stone":4,"minecraft:beef":65,"fallout_inspired_power_armor:warped_t_45_chestplate":1,"create:zinc_ore":2,"minecraft:poppy":1,"minecraft:light_gray_wool":4,"minecraft:sugar_cane":20,"minecraft:chest":3,"minecraft:piston":9,"minecraft:furnace":20,"minecraft:egg":1,"bunker_down:airlock_iron_trapdoor":1,"minecraft:stick":13,"minecraft:sandstone":60,"hunting_delight:humanmeat":3,"minecraft:acacia_log":9,"minecraft:torch":28,"hunting_delight:cookedhumanmeat":8,"travelersbackpack:iron_tier_upgrade":2,"minecraft:porkchop":2,"fallout_inspired_power_armor:barrel_item":1,"minecraft:diorite":1,"minecraft:carrot":1,"minecraft:redstone":10,"minecraft:stone_pressure_plate":1,"alexsmobs:crocodile_scute":1,"minecraft:tnt":39,"minecraft:arrow":4,"minecraft:light_gray_bed":13,"minecraft:rotten_flesh":13,"minecraft:gold_ingot":12,"minecraft:iron_bars":3,"minecraft:white_wool":7,"minecraft:cobblestone":30,"bunker_down:ceiling_lamp":43,"minecraft:feather":4,"minecraft:cooked_beef":19,"minecraft:repeater":2,"minecraft:salmon":3,"minecraft:cut_sandstone":2,"minecraft:leather":15,"bunker_down:steel_vent":3,"minecraft:red_mushroom":9,"minecraft:potato":1,"hunting_delight:cowcorpse":1,"minecraft:oak_log":23,"bunker_down:airlock_iron_door":3,"k-turrets:raw_titanium":26,"minecraft:gunpowder":66,"minecraft:dirt":6,"bunker_down:steel_block":9,"minecraft:red_carpet":2,"minecraft:bone":161,"create:copper_ore":10,"minecraft:stone_bricks":3,"fallout_inspired_power_armor:composite":4,"minecraft:wheat_seeds":11,"minecraft:iron_ingot":38,"minecraft:stone_pickaxe":3,"minecraft:iron_ore":15,"minecraft:oak_planks":63,"minecraft:music_disc_chirp":2,"endrem:old_eye":3,"minecraft:cooked_porkchop":24,"minecraft:music_disc_13":1,"minecraft:daylight_detector":2,"bunker_down:underroot_stage_1":4,"minecraft:dandelion":1,"minecraft:lava_bucket":1,"minecraft:sand":26,"alexsmobs:animal_dictionary":2,"bunker_down:steel_block_slab":4,"minecraft:diamond":3,"minecraft:stone_axe":2,"minecraft:lever":4,"waystones:waystone":7,"minecraft:granite":4,"minecraft:golden_apple":4,"minecraft:baked_potato":1,"minecraft:bricks":14,"minecraft:coal":222,"fallout_inspired_power_armor:warped_t_45_leggings":1},"minecraft:mined":{"create:zinc_ore":2,"minecraft:red_carpet":1,"minecraft:stone_pressure_plate":1,"minecraft:dark_oak_leaves":1,"create:dolomite":4,"minecraft:granite":4,"minecraft:acacia_log":2,"minecraft:light_gray_bed":10,"minecraft:redstone_wire":1,"fallout_inspired_power_armor:locker":1,"fallout_inspired_power_armor:toolbox":1,"minecraft:sandstone":18,"minecraft:smooth_stone":4,"minecraft:furnace":7,"minecraft:iron_ore":15,"minecraft:sticky_piston":6,"create:copper_ore":10,"minecraft:anvil":2,"bunker_down:steel_vent":1,"fallout_inspired_power_armor:sandbag":2,"minecraft:vine":2,"minecraft:iron_bars":3,"hunting_delight:cowcorpse":1,"fallout_inspired_power_armor:armored_door_closed":2,"bunker_down:steel_block":10,"minecraft:stone":26,"minecraft:white_wool":2,"bunker_down:ceiling_lamp":12,"minecraft:piston_head":5,"minecraft:smithing_table":1,"bunker_down:airlock_iron_door":2,"minecraft:cut_sandstone":3,"minecraft:observer":1,"minecraft:dandelion":1,"minecraft:crafting_table":5,"minecraft:torch":2,"minecraft:chest":3,"minecraft:cobblestone":1,"minecraft:tall_grass":7,"minecraft:sugar_cane":2,"minecraft:bricks":15,"minecraft:diorite":1,"bunker_down:underroot":2,"minecraft:wall_torch":7,"k-turrets:titanium_ore":24,"fallout_inspired_power_armor:barrel_item":1,"fallout_inspired_power_armor:debri":5,"minecraft:wheat":3,"fallout_inspired_power_armor:computer":1,"minecraft:light_gray_wool":4,"minecraft:tnt":12,"minecraft:grass":22,"minecraft:oak_log":20,"minecraft:coal_ore":61,"minecraft:dirt":5,"minecraft:sand":24,"minecraft:stone_bricks":3,"minecraft:piston":1},"minecraft:custom":{"minecraft:interact_with_smithing_table":2,"minecraft:interact_with_anvil":1,"minecraft:mob_kills":32,"minecraft:interact_with_crafting_table":27,"minecraft:interact_with_campfire":5,"minecraft:leave_game":3,"minecraft:time_since_death":81288,"minecraft:climb_one_cm":59809,"minecraft:sprint_one_cm":393345,"minecraft:walk_one_cm":286659,"minecraft:damage_blocked_by_shield":60,"minecraft:drop":60,"minecraft:sneak_time":1762,"minecraft:deaths":5,"minecraft:walk_under_water_one_cm":15153,"minecraft:jump":2843,"minecraft:interact_with_blast_furnace":1,"minecraft:walk_on_water_one_cm":20019,"minecraft:interact_with_furnace":40,"minecraft:play_one_minute":142817,"minecraft:sleep_in_bed":11,"minecraft:time_since_rest":8205,"minecraft:waystone_activated":4,"minecraft:damage_taken":3004,"minecraft:trigger_trapped_chest":1,"minecraft:damage_dealt":5181,"minecraft:swim_one_cm":18564,"minecraft:fly_one_cm":587510,"minecraft:open_chest":42,"minecraft:crouch_one_cm":814,"minecraft:fall_one_cm":55577},"minecraft:killed":{"minecraft:spider":1,"alexsmobs:rattlesnake":1,"minecraft:skeleton":2,"fallout_inspired_power_armor:raider":1,"fallout_inspired_power_armor:raider_woman":2,"minecraft:salmon":3,"fallout_inspired_power_armor:experimentation_survivor":1,"minecraft:iron_golem":1,"stumbleuponcamps:camper_2":1,"minecraft:creeper":1,"minecraft:squid":1,"minecraft:sheep":2,"fallout_inspired_power_armor:experienced_raider":1,"minecraft:zombie":1,"alexsmobs:crocodile":1,"alexsmobs:gazelle":1,"minecraft:cow":7},"minecraft:crafted":{"minecraft:oak_planks":76,"create:copper_ingot":10,"minecraft:furnace":1,"minecraft:glass":24,"travelersbackpack:light_gray_sleeping_bag":2,"minecraft:stone_pickaxe":2,"minecraft:chest":4,"hunting_delight:huntingknife":1,"minecraft:cooked_beef":2,"minecraft:cooked_porkchop":16,"minecraft:crafting_table":1,"travelersbackpack:backpack_tank":4,"minecraft:wooden_pickaxe":1,"travelersbackpack:standard":2,"minecraft:smithing_table":1,"minecraft:campfire":1,"minecraft:stone_axe":1,"minecraft:air":0,"minecraft:golden_apple":1,"minecraft:shield":1,"minecraft:stick":28,"minecraft:iron_ingot":10,"minecraft:iron_pickaxe":1,"minecraft:gold_ingot":9,"minecraft:acacia_planks":16,"minecraft:torch":4},"minecraft:used":{"minecraft:iron_bars":2,"minecraft:chest":5,"minecraft:shield":1,"minecraft:rotten_flesh":1,"minecraft:torch":10,"minecraft:dirt":4,"minecraft:anvil":2,"endrem:old_eye":1,"minecraft:bricks":12,"hunting_delight:cookedhumanmeat":1,"create:zinc_ore":1,"minecraft:stone_bricks":2,"bunker_down:airlock_iron_door":2,"minecraft:red_carpet":2,"minecraft:furnace":4,"create:dolomite_cobblestone":4,"minecraft:egg":1,"minecraft:stone_pressure_plate":1,"minecraft:cooked_beef":8,"minecraft:light_gray_bed":10,"minecraft:wheat_seeds":1,"minecraft:water_bucket":12,"minecraft:diorite":1,"minecraft:iron_ore":5,"minecraft:stone_pickaxe":124,"minecraft:baked_potato":1,"minecraft:oak_planks":3,"minecraft:sandstone":6,"minecraft:wooden_pickaxe":20,"minecraft:cut_sandstone":2,"fallout_inspired_power_armor:locker":1,"minecraft:white_wool":1,"minecraft:crafting_table":5,"minecraft:campfire":1,"fallout_inspired_power_armor:ripper":76,"waystones:waystone":2,"bunker_down:steel_block":2,"fallout_inspired_power_armor:armored_door_closed":2,"minecraft:iron_pickaxe":120,"minecraft:bread":4,"hunting_delight:cowcorpse":1,"minecraft:stone_axe":73,"travelersbackpack:standard":10,"minecraft:cobblestone":5,"minecraft:cooked_porkchop":16,"minecraft:smithing_table":1,"minecraft:bucket":13,"alexsmobs:animal_dictionary":2,"fallout_inspired_power_armor:barrel_item":1,"minecraft:smooth_stone":4},"minecraft:broken":{"fallout_inspired_power_armor:frag_grenade":1},"minecraft:dropped":{"bunker_down:steel_vent":1,"minecraft:enchanted_book":1,"minecraft:daylight_detector":1,"minecraft:piston":12,"minecraft:wheat_seeds":8,"minecraft:cooked_beef":1,"minecraft:oak_log":1,"minecraft:diamond":1,"minecraft:cobblestone":4,"minecraft:feather":2,"travelersbackpack:standard":1,"minecraft:golden_apple":1,"bunker_down:steel_block_slab":4,"minecraft:lava_bucket":1,"minecraft:dirt":1,"hunting_delight:cookedhumanmeat":6,"minecraft:repeater":2,"minecraft:sand":2,"minecraft:white_wool":4,"minecraft:dandelion":1,"minecraft:redstone":14,"minecraft:music_disc_chirp":1,"alexsmobs:gazelle_horn":1,"minecraft:sticky_piston":9,"minecraft:wheat":2,"minecraft:rotten_flesh":12,"minecraft:oak_planks":10,"minecraft:oak_sign":1,"minecraft:carrot":2,"minecraft:redstone_torch":5,"bunker_down:underroot_stage_1":4,"minecraft:arrow":1,"minecraft:stone_pickaxe":1,"minecraft:beef":2},"minecraft:killed_by":{"minecraft:player":1,"minecraft:creeper":1,"minecraft:spider":1,"alexsmobs:elephant":1}},"DataVersion":2586}