{"stats":{"minecraft:picked_up":{"minecraft:charcoal":2,"minecraft:crafting_table":2,"minecraft:wheat":9,"minecraft:chicken":2,"minecraft:ladder":11,"minecraft:redstone_lamp":14,"minecraft:wooden_pickaxe":1,"fallout_inspired_power_armor:warped_t_45_boots":1,"alexsmobs:gazelle_horn":1,"minecraft:string":2,"minecraft:cooked_salmon":3,"minecraft:wooden_sword":1,"minecraft:sticky_piston":16,"minecraft:oak_sign":1,"minecraft:beetroot":5,"minecraft:spruce_planks":12,"minecraft:redstone_torch":14,"create:zinc_ore":10,"minecraft:observer":3,"minecraft:iron_nugget":4,"minecraft:poppy":5,"minecraft:iron_pickaxe":1,"minecraft:light_gray_wool":1,"minecraft:chest":6,"minecraft:piston":14,"minecraft:stick":2,"minecraft:sandstone":18,"minecraft:oak_fence":6,"hunting_delight:humanmeat":11,"minecraft:torch":2,"minecraft:acacia_log":2,"minecraft:porkchop":14,"minecraft:target":4,"minecraft:diorite":16,"minecraft:carrot":18,"minecraft:redstone":146,"minecraft:iron_horse_armor":1,"minecraft:arrow":5,"minecraft:light_gray_bed":13,"minecraft:rotten_flesh":20,"minecraft:beetroot_seeds":5,"minecraft:gold_ingot":5,"minecraft:white_wool":8,"minecraft:cobblestone":261,"bunker_down:ceiling_lamp":1,"minecraft:feather":24,"fallout_inspired_power_armor:warped_t_45_helmet":1,"minecraft:repeater":5,"minecraft:andesite":11,"minecraft:salmon":3,"minecraft:leather":8,"bunker_down:steel_vent":6,"minecraft:red_mushroom":25,"minecraft:potato":21,"hunting_delight:cowcorpse":1,"minecraft:oak_log":3,"minecraft:gunpowder":14,"minecraft:dirt":20,"bunker_down:steel_block":19,"minecraft:bone":38,"create:copper_ore":46,"minecraft:wheat_seeds":16,"alexsmobs:cockroach_wing_fragment":1,"minecraft:iron_ingot":2,"minecraft:stone_pickaxe":1,"minecraft:iron_ore":31,"minecraft:stone_hoe":1,"minecraft:iron_sword":1,"minecraft:oak_planks":10,"minecraft:music_disc_chirp":1,"minecraft:pumpkin":2,"bunker_down:underroot_stage_1":3,"minecraft:dandelion":10,"minecraft:sand":90,"minecraft:spruce_log":13,"minecraft:gold_ore":2,"alexsmobs:animal_dictionary":3,"bunker_down:steel_block_slab":1,"minecraft:light_gray_concrete":7,"minecraft:lever":7,"waystones:waystone":2,"minecraft:bone_meal":4,"minecraft:golden_apple":1,"minecraft:oak_sapling":5,"minecraft:wooden_axe":3},"minecraft:mined":{"create:zinc_ore":6,"minecraft:oak_sapling":1,"minecraft:lever":2,"minecraft:ladder":10,"minecraft:grass_block":4,"minecraft:light_gray_bed":13,"minecraft:redstone_wire":68,"minecraft:spruce_leaves":2,"minecraft:carrots":6,"minecraft:iron_ore":25,"minecraft:andesite":11,"minecraft:target":2,"create:copper_ore":23,"bunker_down:steel_vent":2,"minecraft:potatoes":5,"hunting_delight:cowcorpse":1,"bunker_down:steel_block":7,"minecraft:stone":230,"minecraft:white_wool":6,"minecraft:redstone_wall_torch":2,"minecraft:observer":1,"minecraft:dandelion":7,"minecraft:oak_fence":1,"minecraft:crafting_table":1,"minecraft:poppy":8,"minecraft:chest":6,"bunker_down:underroot_stage_1":1,"minecraft:campfire":1,"minecraft:mushroom_stem":4,"minecraft:tall_grass":1,"minecraft:cobblestone":4,"minecraft:sugar_cane":2,"minecraft:diorite":14,"bunker_down:underroot":1,"minecraft:repeater":3,"minecraft:redstone_torch":5,"minecraft:wheat":12,"minecraft:spruce_log":14,"fallout_inspired_power_armor:computer":1,"minecraft:light_gray_wool":1,"minecraft:grass":4,"minecraft:oak_log":1,"minecraft:beetroots":10,"minecraft:sand":72,"minecraft:dirt":5,"minecraft:cobweb":1,"minecraft:red_mushroom_block":38,"minecraft:gold_ore":2,"minecraft:redstone_lamp":14},"minecraft:custom":{"minecraft:mob_kills":16,"minecraft:interact_with_crafting_table":27,"minecraft:open_barrel":1,"minecraft:interact_with_campfire":5,"minecraft:leave_game":3,"minecraft:time_since_death":13115,"minecraft:climb_one_cm":64128,"minecraft:sprint_one_cm":323586,"minecraft:walk_one_cm":369888,"minecraft:drop":45,"minecraft:deaths":6,"minecraft:sneak_time":9748,"minecraft:walk_under_water_one_cm":8869,"minecraft:jump":1995,"minecraft:walk_on_water_one_cm":13941,"minecraft:interact_with_furnace":27,"minecraft:play_one_minute":136242,"minecraft:sleep_in_bed":10,"minecraft:time_since_rest":12489,"minecraft:waystone_activated":2,"minecraft:damage_taken":1945,"minecraft:damage_dealt":2900,"minecraft:player_kills":1,"minecraft:swim_one_cm":22061,"minecraft:fly_one_cm":375715,"minecraft:open_chest":74,"minecraft:crouch_one_cm":28757,"minecraft:fall_one_cm":55980},"minecraft:killed":{"minecraft:skeleton":2,"fallout_inspired_power_armor:raider":1,"minecraft:chicken":2,"minecraft:llama":3,"minecraft:pig":2,"minecraft:rabbit":1,"fallout_inspired_power_armor:experimentation_survivor":1,"minecraft:creeper":1,"fallout_inspired_power_armor:experienced_raider":1,"minecraft:zombie":2,"alexsmobs:cockroach":1,"fallout_inspired_power_armor:companion":1},"minecraft:crafted":{"minecraft:wooden_sword":1,"travelersbackpack:iron":1,"minecraft:bone_meal":3,"minecraft:glass":24,"travelersbackpack:white_sleeping_bag":1,"minecraft:iron_axe":1,"minecraft:stone_pickaxe":2,"minecraft:chest":3,"hunting_delight:huntingknife":1,"minecraft:crafting_table":1,"minecraft:spruce_planks":52,"travelersbackpack:backpack_tank":2,"minecraft:wooden_pickaxe":1,"travelersbackpack:standard":1,"minecraft:iron_sword":1,"minecraft:bucket":1,"minecraft:air":0,"minecraft:stick":24,"minecraft:iron_ingot":23,"minecraft:iron_pickaxe":1,"minecraft:wooden_axe":1,"minecraft:iron_shovel":1,"minecraft:gold_ingot":2,"minecraft:acacia_planks":8},"minecraft:used":{"minecraft:oak_fence":4,"minecraft:iron_shovel":57,"minecraft:ladder":11,"minecraft:chest":6,"minecraft:iron_sword":93,"minecraft:cooked_salmon":3,"minecraft:stone_hoe":15,"minecraft:rotten_flesh":7,"minecraft:dirt":9,"bunker_down:brittle_pickaxe":3,"minecraft:carrot":14,"travelersbackpack:iron":5,"minecraft:wooden_axe":52,"minecraft:iron_axe":5,"create:zinc_ore":2,"minecraft:light_gray_wool":1,"minecraft:repeater":1,"minecraft:oak_sapling":1,"minecraft:beetroot_seeds":5,"minecraft:potato":6,"minecraft:light_gray_bed":12,"minecraft:wheat_seeds":8,"bunker_down:steel_vent":2,"minecraft:stone_pickaxe":261,"minecraft:wooden_pickaxe":50,"minecraft:sand":18,"minecraft:crafting_table":1,"hunting_delight:humanmeat":1,"minecraft:redstone_torch":1,"minecraft:oak_log":1,"waystones:waystone":1,"minecraft:lever":1,"bunker_down:steel_block":4,"bunker_down:steel_block_slab":1,"bunker_down:underroot_stage_1":1,"minecraft:iron_pickaxe":42,"minecraft:light_gray_concrete":7,"minecraft:bread":1,"minecraft:melon_slice":2,"minecraft:wooden_sword":13,"minecraft:cobblestone":29,"minecraft:bucket":4,"alexsmobs:animal_dictionary":1,"hunting_delight:huntingknife":2,"minecraft:bone_meal":3},"minecraft:broken":{"minecraft:stone_pickaxe":1},"minecraft:dropped":{"bunker_down:steel_vent":2,"minecraft:stone_hoe":1,"minecraft:iron_ingot":1,"minecraft:piston":2,"minecraft:wheat_seeds":5,"minecraft:crafting_table":1,"hunting_delight:humanmeat":7,"minecraft:feather":6,"minecraft:iron_horse_armor":1,"minecraft:golden_apple":1,"minecraft:stick":2,"minecraft:dirt":5,"minecraft:diorite":14,"minecraft:wooden_axe":3,"minecraft:wooden_sword":1,"minecraft:sand":2,"minecraft:string":1,"minecraft:gold_ingot":4,"minecraft:bone":3,"minecraft:lever":3,"minecraft:iron_nugget":4,"alexsmobs:animal_dictionary":2,"minecraft:wheat":2,"fallout_inspired_power_armor:warped_t_45_boots":1,"fallout_inspired_power_armor:warped_t_45_helmet":1,"minecraft:chicken":1,"minecraft:oak_sign":1,"alexsmobs:cockroach_wing_fragment":1,"minecraft:oak_sapling":1,"bunker_down:steel_block":4,"minecraft:sandstone":18,"minecraft:arrow":3,"minecraft:stone_pickaxe":2},"minecraft:killed_by":{"minecraft:skeleton":1,"fallout_inspired_power_armor:enclavex_01soldier":1}},"DataVersion":2586}