{"stats":{"minecraft:picked_up":{"minecraft:wooden_axe":2,"minecraft:crafting_table":3,"minecraft:wheat":8,"minecraft:chicken":3,"minecraft:anvil":1,"minecraft:rabbit_stew":1,"minecraft:brown_mushroom":56,"minecraft:wooden_pickaxe":4,"minecraft:gold_block":1,"minecraft:string":21,"minecraft:wooden_sword":3,"minecraft:sticky_piston":12,"minecraft:oak_sign":2,"minecraft:spruce_planks":5,"minecraft:beef":155,"create:zinc_ore":54,"minecraft:poppy":2,"minecraft:iron_pickaxe":1,"minecraft:light_gray_wool":1,"minecraft:melon_slice":1,"minecraft:piston":4,"minecraft:egg":3,"bunker_down:airlock_iron_trapdoor":5,"minecraft:stick":14,"minecraft:sandstone":23,"hunting_delight:humanmeat":6,"hunting_delight:cookedhumanmeat":2,"minecraft:bowl":8,"minecraft:acacia_log":16,"minecraft:porkchop":1,"minecraft:carrot":5,"minecraft:redstone":22,"minecraft:dark_oak_planks":8,"minecraft:arrow":6,"minecraft:light_gray_bed":11,"minecraft:beetroot_seeds":1,"minecraft:gold_ingot":5,"minecraft:mutton":12,"minecraft:white_wool":1,"minecraft:cobblestone":99,"minecraft:birch_log":1,"bunker_down:ceiling_lamp":10,"minecraft:cooked_beef":93,"minecraft:feather":12,"minecraft:lilac":1,"minecraft:andesite":2,"minecraft:salmon":2,"minecraft:brown_wool":1,"minecraft:leather":25,"bunker_down:steel_vent":5,"minecraft:red_mushroom":49,"minecraft:potato":10,"hunting_delight:cowcorpse":1,"bunker_down:airlock_iron_door":2,"minecraft:oak_log":38,"k-turrets:raw_titanium":7,"minecraft:dirt":36,"bunker_down:steel_block":27,"minecraft:orange_terracotta":2,"minecraft:cooked_mutton":1,"minecraft:bone":160,"minecraft:acacia_planks":4,"minecraft:stone_bricks":1,"minecraft:wheat_seeds":16,"minecraft:iron_ingot":19,"minecraft:iron_ore":4,"minecraft:iron_sword":1,"minecraft:cooked_porkchop":4,"minecraft:music_disc_13":1,"minecraft:dandelion":23,"minecraft:lava_bucket":3,"minecraft:gravel":5,"minecraft:sand":57,"minecraft:dark_oak_log":5,"alexsmobs:animal_dictionary":3,"minecraft:mossy_cobblestone":4,"bunker_down:steel_block_slab":8,"fallout_inspired_power_armor:warped_t_60helmet":1,"travelersbackpack:standard":2,"fallout_inspired_power_armor:warped_t_60leg":1,"minecraft:diamond":1,"hunting_delight:huntingknife":1,"minecraft:lever":7,"minecraft:granite":40,"minecraft:golden_apple":2,"minecraft:emerald":2,"minecraft:oak_sapling":2,"minecraft:netherrack":33,"minecraft:bricks":2,"minecraft:coal":93},"minecraft:mined":{"create:zinc_ore":27,"minecraft:spruce_planks":5,"minecraft:mossy_cobblestone":2,"minecraft:dark_oak_log":6,"minecraft:granite":20,"minecraft:acacia_log":8,"minecraft:grass_block":12,"minecraft:light_gray_bed":9,"minecraft:brown_mushroom_block":67,"minecraft:sandstone":7,"minecraft:carrots":3,"minecraft:iron_ore":4,"minecraft:sticky_piston":12,"minecraft:andesite":1,"bunker_down:airlock_iron_trapdoor":2,"minecraft:anvil":1,"bunker_down:steel_vent":3,"minecraft:gold_block":2,"minecraft:potatoes":8,"minecraft:vine":8,"hunting_delight:cowcorpse":1,"bunker_down:steel_block":32,"minecraft:stone":82,"bunker_down:ceiling_lamp":6,"bunker_down:airlock_iron_door":2,"minecraft:acacia_leaves":3,"minecraft:orange_terracotta":1,"minecraft:stone_brick_slab":1,"minecraft:observer":1,"minecraft:dandelion":21,"travelersbackpack:standard":1,"minecraft:crafting_table":2,"minecraft:mushroom_stem":17,"minecraft:tall_grass":1,"minecraft:cobblestone":6,"minecraft:bricks":1,"k-turrets:titanium_ore":5,"fallout_inspired_power_armor:debri":3,"minecraft:birch_log":3,"minecraft:wheat":3,"minecraft:lilac":1,"bunker_down:steel_block_slab":2,"minecraft:birch_leaves":1,"fallout_inspired_power_armor:floor_paper":2,"minecraft:grass":18,"minecraft:oak_log":39,"minecraft:coal_ore":69,"minecraft:beetroots":1,"minecraft:gravel":4,"minecraft:sand":10,"minecraft:dirt":10,"minecraft:cobweb":5,"minecraft:red_mushroom_block":90,"minecraft:stone_bricks":1,"minecraft:netherrack":34,"minecraft:piston":2,"minecraft:oak_leaves":18},"minecraft:custom":{"minecraft:mob_kills":30,"minecraft:interact_with_crafting_table":19,"minecraft:open_barrel":1,"minecraft:leave_game":1,"minecraft:time_since_death":18832,"minecraft:climb_one_cm":49587,"minecraft:sprint_one_cm":349363,"minecraft:walk_one_cm":254551,"minecraft:drop":22,"minecraft:deaths":4,"minecraft:sneak_time":390,"minecraft:walk_under_water_one_cm":10418,"minecraft:jump":2890,"minecraft:interact_with_blast_furnace":5,"minecraft:walk_on_water_one_cm":26999,"minecraft:interact_with_furnace":40,"minecraft:play_one_minute":108580,"minecraft:sleep_in_bed":9,"minecraft:time_since_rest":8205,"minecraft:waystone_activated":2,"minecraft:damage_taken":2105,"minecraft:trigger_trapped_chest":1,"minecraft:damage_dealt":4420,"minecraft:swim_one_cm":17810,"minecraft:fly_one_cm":629842,"minecraft:open_chest":27,"minecraft:crouch_one_cm":313,"minecraft:fall_one_cm":65094},"minecraft:killed":{"minecraft:witch":1,"alexsmobs:rattlesnake":1,"minecraft:skeleton":1,"minecraft:chicken":1,"minecraft:salmon":2,"minecraft:creeper":2,"minecraft:sheep":4,"minecraft:zombie":1,"alexsmobs:roadrunner":3,"minecraft:cow":15},"minecraft:used":{"minecraft:spruce_planks":1,"minecraft:iron_sword":75,"minecraft:netherrack":31,"minecraft:torch":4,"minecraft:dirt":10,"minecraft:mutton":2,"minecraft:carrot":4,"minecraft:wooden_axe":118,"minecraft:iron_axe":57,"hunting_delight:cookedhumanmeat":2,"minecraft:rabbit_stew":1,"minecraft:light_gray_wool":1,"minecraft:furnace":2,"minecraft:beetroot_seeds":1,"minecraft:egg":3,"minecraft:cooked_beef":4,"minecraft:potato":9,"minecraft:light_gray_bed":9,"minecraft:orange_terracotta":1,"minecraft:cooked_mutton":1,"bunker_down:steel_vent":1,"minecraft:iron_ore":2,"minecraft:wooden_pickaxe":113,"minecraft:salmon":2,"minecraft:sand":34,"minecraft:crafting_table":5,"hunting_delight:humanmeat":3,"bunker_down:steel_block":7,"minecraft:chicken":2,"minecraft:suspicious_stew":1,"minecraft:bread":2,"minecraft:iron_pickaxe":232,"minecraft:brown_wool":1,"hunting_delight:cowcorpse":1,"bunker_down:airlock_iron_trapdoor":1,"travelersbackpack:standard":3,"minecraft:wooden_sword":54,"minecraft:cobblestone":8,"minecraft:cooked_porkchop":4,"minecraft:poisonous_potato":3,"minecraft:bucket":3,"hunting_delight:huntingknife":4},"minecraft:crafted":{"minecraft:wooden_sword":1,"minecraft:oak_planks":24,"minecraft:furnace":2,"minecraft:cooked_mutton":2,"minecraft:suspicious_stew":1,"minecraft:iron_axe":1,"minecraft:chest":2,"minecraft:dark_oak_planks":20,"minecraft:cooked_beef":115,"minecraft:coal_block":5,"minecraft:cooked_porkchop":4,"minecraft:crafting_table":4,"minecraft:wooden_pickaxe":2,"minecraft:iron_sword":1,"minecraft:bowl":4,"minecraft:birch_planks":4,"minecraft:air":0,"minecraft:stick":20,"minecraft:wooden_axe":2,"minecraft:iron_ingot":2,"minecraft:iron_pickaxe":1,"hunting_delight:cookedhumanmeat":1,"minecraft:acacia_planks":16,"minecraft:torch":4},"minecraft:broken":{"minecraft:wooden_pickaxe":1,"minecraft:wooden_axe":2},"minecraft:dropped":{"minecraft:daylight_detector":1,"minecraft:lilac":1,"minecraft:diamond":1,"minecraft:leather":7,"minecraft:granite":20,"minecraft:coal":1,"bunker_down:steel_block_slab":4,"minecraft:stick":1,"minecraft:gold_block":1,"minecraft:lava_bucket":1,"minecraft:redstone":1,"minecraft:bricks":1,"minecraft:beetroot":5,"minecraft:oak_sapling":1,"minecraft:stone_bricks":1,"bunker_down:airlock_iron_trapdoor":1,"minecraft:sandstone":12,"minecraft:arrow":2,"minecraft:wooden_pickaxe":1,"minecraft:netherrack":1},"minecraft:killed_by":{"sanitydim:rotting_stalker":1,"alexsmobs:crocodile":1,"fallout_inspired_power_armor:raiderdestroyer":1}},"DataVersion":2586}